{
  "env_id": "robocasa/LoadDishwasher",
  "split": "target",
  "n_episodes": 1,
  "success_num": 0,
  "success_rate": 0.0,
  "episodes": [
    {
      "episode_id": 0,
      "seed": 0,
      "success": false,
      "steps": 500,
      "env_id": "robocasa/LoadDishwasher",
      "prompt": "Pick up the cup and bowl from the counter, place them in the dishwasher, and close the dishwasher door.",
      "action_stats": {
        "executed_action_steps": 500,
        "clipped_action_steps": 165,
        "clipped_action_ratio": 0.33,
        "mode_change_rate": 0.006012024048096192,
        "mode_positive_ratio": 0.964,
        "base_mean": [
          0.03427360579371452,
          -0.04988018050789833,
          -0.021374881267547607,
          0.025024261325597763
        ],
        "base_std": [
          0.16264468431472778,
          0.043220289051532745,
          0.07839910686016083,
          0.03717953339219093
        ],
        "base_absdiff_mean": [
          0.033191386610269547,
          0.010706926696002483,
          0.013659420423209667,
          0.01046155858784914
        ],
        "base_absdiff_p95": [
          0.10273455083370209,
          0.03268028795719147,
          0.04725450649857521,
          0.032209884375333786
        ]
      }
    }
  ]
}