{
  "mean": [
    0.03934339000170564,
    -0.001255160090719215,
    -0.002054249349871957,
    0.0,
    -0.3485938285408896,
    0.0067839704570826125,
    0.8584881932632141,
    0.0,
    0.0,
    0.0,
    0.0,
    0.0,
    0.0,
    0.0,
    0.005863561702527764,
    -0.05385840653433733,
    -0.005143930666916713,
    0.0031416832748945695,
    0.0,
    0.0,
    0.0,
    0.0,
    -0.009931214242479109,
    0.0,
    0.0,
    0.0,
    0.0,
    0.0,
    0.0,
    -0.08338629293909088
  ],
  "std": [
    0.214935470284405,
    0.18952534243047478,
    0.11470483420416505,
    1e-06,
    0.32009790347516637,
    0.19386752126829881,
    0.03725801546848662,
    1.0,
    1.0,
    1.0,
    1.0,
    1.0,
    1.0,
    1.0,
    0.3693880488740004,
    0.36516434311291646,
    0.10364107014506693,
    0.12213669978032321,
    1.0,
    1.0,
    1.0,
    1.0,
    0.11696762012878267,
    1.0,
    1.0,
    1.0,
    1.0,
    1.0,
    1.0,
    0.990891451710995
  ],
  "q01": [
    -0.5142857432365417,
    -0.8642857074737549,
    -0.5199999809265137,
    0.0,
    -0.4794255495071411,
    -0.4593626856803894,
    0.760244607925415,
    0.0,
    0.0,
    0.0,
    0.0,
    0.0,
    0.0,
    0.0,
    -1.0,
    -1.0,
    -0.39142856001853943,
    -0.39714285731315613,
    0.0,
    0.0,
    0.0,
    0.0,
    -0.41999998688697815,
    0.0,
    0.0,
    0.0,
    0.0,
    0.0,
    0.0,
    -1.0
  ],
  "q99": [
    1.0,
    1.0,
    0.4657142758369446,
    0.0,
    0.4794255495071411,
    0.4593626856803894,
    1.0,
    1.0,
    1.0,
    1.0,
    1.0,
    1.0,
    1.0,
    1.0,
    1.0,
    1.0,
    0.3028571307659149,
    0.43714284896850586,
    1.0,
    1.0,
    1.0,
    1.0,
    0.322857141494751,
    1.0,
    1.0,
    1.0,
    1.0,
    1.0,
    1.0,
    1.0
  ],
  "count": [
    1435056,
    1435056,
    1435056,
    1435056,
    1435056,
    1435056,
    1435056,
    0,
    0,
    0,
    0,
    0,
    0,
    0,
    1435056,
    1435056,
    1435056,
    1435056,
    0,
    0,
    0,
    0,
    1435056,
    0,
    0,
    0,
    0,
    0,
    0,
    1435056
  ]
}