{
  "mean": [
    0.03934339000170564,
    -0.001255160090719215,
    -0.002054249349871957,
    0.003387753466418761,
    -0.34184830686003603,
    0.006201241447778354,
    0.86021816861371,
    0.0,
    0.0,
    0.0,
    0.0,
    0.0,
    0.0,
    0.0,
    0.005863561702527764,
    -0.05385840653433733,
    -0.005143930666916713,
    -0.009931214242479109,
    0.0,
    0.0,
    0.0,
    0.0,
    0.0031416832748945695,
    0.0,
    0.0,
    0.0,
    0.0,
    0.0,
    0.0,
    -0.08338629293909088
  ],
  "std": [
    0.21493547028440496,
    0.1895253424304748,
    0.11470483420416505,
    0.09698024531378338,
    0.31780875921660917,
    0.177520314693379,
    0.03456466223484054,
    1.0,
    1.0,
    1.0,
    1.0,
    1.0,
    1.0,
    1.0,
    0.3693880488740004,
    0.3651643431129164,
    0.10364107014506695,
    0.11696762012878266,
    1.0,
    1.0,
    1.0,
    1.0,
    0.12213669978032321,
    1.0,
    1.0,
    1.0,
    1.0,
    1.0,
    1.0,
    0.9908914517109951
  ],
  "q01": [
    -0.5142857432365417,
    -0.8642857074737549,
    -0.5199999809265137,
    -0.22984884679317474,
    -0.4794255495071411,
    -0.4207354784011841,
    0.7701511383056641,
    0.0,
    0.0,
    0.0,
    0.0,
    0.0,
    0.0,
    0.0,
    -1.0,
    -1.0,
    -0.39142856001853943,
    -0.41999998688697815,
    0.0,
    0.0,
    0.0,
    0.0,
    -0.39714285731315613,
    0.0,
    0.0,
    0.0,
    0.0,
    0.0,
    0.0,
    -1.0
  ],
  "q99": [
    1.0,
    1.0,
    0.4657142758369446,
    0.22984884679317474,
    0.4794255495071411,
    0.4207354784011841,
    1.0,
    1.0,
    1.0,
    1.0,
    1.0,
    1.0,
    1.0,
    1.0,
    1.0,
    1.0,
    0.3028571307659149,
    0.322857141494751,
    1.0,
    1.0,
    1.0,
    1.0,
    0.43714284896850586,
    1.0,
    1.0,
    1.0,
    1.0,
    1.0,
    1.0,
    1.0
  ],
  "count": [
    1435056,
    1435056,
    1435056,
    1435056,
    1435056,
    1435056,
    1435056,
    0,
    0,
    0,
    0,
    0,
    0,
    0,
    1435056,
    1435056,
    1435056,
    1435056,
    0,
    0,
    0,
    0,
    1435056,
    0,
    0,
    0,
    0,
    0,
    0,
    1435056
  ]
}